PR_ID,PR_Date,Department,Category,Estimated_Amount
PR-00001,2025-11-24,Procurement,MRO,186679.87
PR-00002,2025-05-06,Maintenance,IT,185435.45
PR-00003,2025-12-13,Finance,Safety,149670.67
PR-00004,2025-01-17,Procurement,Safety,58566.3
PR-00005,2025-09-16,HR,MRO,142505.04
PR-00006,2025-11-29,Finance,Facilities,59007.95
PR-00007,2025-10-29,Operations,MRO,190907.8
PR-00008,2025-03-23,Finance,Facilities,88361.38
PR-00009,2025-03-21,Maintenance,Services,30041.52
PR-00010,2025-07-14,Procurement,Services,212636.12
PR-00011,2025-11-06,Operations,MRO,183784.29
PR-00012,2025-10-02,Procurement,Facilities,24306.05
PR-00013,2025-05-31,Finance,Services,146451.28
PR-00014,2025-12-27,Procurement,MRO,167009.51
PR-00015,2025-05-29,Procurement,Logistics,217288.5
PR-00016,2025-07-14,Operations,Training,160742.69
PR-00017,2025-07-06,Maintenance,Services,92041.32
PR-00018,2025-12-10,Operations,Safety,154237.1
PR-00019,2025-03-29,HR,Logistics,45033.61
PR-00020,2025-07-14,Operations,Logistics,172730.49
PR-00021,2025-01-29,Maintenance,MRO,202236.22
PR-00022,2025-07-25,Operations,Safety,56690.8
PR-00023,2025-10-18,Finance,Services,57093.5
PR-00024,2025-09-13,Plant,Training,40003.54
PR-00025,2025-03-13,Maintenance,Capex,188018.38
PR-00026,2025-08-08,HR,Facilities,93689.13
PR-00027,2025-03-12,HR,Training,27272.81
PR-00028,2025-01-25,Procurement,IT,158724.28
PR-00029,2025-12-15,Plant,Safety,99267.99
PR-00030,2025-11-02,Plant,Capex,242914.2
PR-00031,2025-01-06,Finance,Safety,172019.04
PR-00032,2025-10-02,Operations,Services,32330.28
PR-00033,2025-08-11,Maintenance,Training,5795.1
PR-00034,2025-05-15,HR,IT,129382.01
PR-00035,2025-02-24,Finance,Capex,211208.99
PR-00036,2025-09-17,HR,Logistics,42445.62
PR-00037,2025-03-24,HR,MRO,151741.42
PR-00038,2025-09-08,Procurement,Safety,232629.16
PR-00039,2025-06-07,Maintenance,MRO,64013.54
PR-00040,2025-10-18,Procurement,Safety,184317.36
PR-00041,2025-02-05,HR,IT,36455.91
PR-00042,2025-09-01,HR,IT,69938.87
PR-00043,2025-11-07,Plant,Logistics,232583.81
PR-00044,2025-12-20,Maintenance,Capex,102753.11
PR-00045,2025-12-10,Finance,Services,112334.52
PR-00046,2025-09-22,Plant,Safety,65736.88
PR-00047,2025-02-02,Operations,MRO,149135.64
PR-00048,2025-04-28,HR,Logistics,6761.76
PR-00049,2025-12-29,Finance,MRO,61090.74
PR-00050,2025-01-17,Operations,Safety,130968.25
PR-00051,2025-05-23,Finance,Training,57488.02
PR-00052,2025-03-09,Finance,Training,64534.32
PR-00053,2025-08-31,Plant,Logistics,28109.82
PR-00054,2025-12-04,Plant,Services,108776.76
PR-00055,2025-08-28,Finance,MRO,169974.31
PR-00056,2025-11-27,Procurement,MRO,103642.21
PR-00057,2025-06-23,Procurement,Logistics,51939.57
PR-00058,2025-10-02,Plant,IT,108361.0
PR-00059,2025-05-23,Plant,Logistics,219249.06
PR-00060,2025-02-08,Plant,Safety,17394.14
PR-00061,2025-10-04,Procurement,Safety,231959.91
PR-00062,2025-05-02,Maintenance,Facilities,123982.08
PR-00063,2025-04-20,Plant,MRO,45336.09
PR-00064,2025-01-02,Plant,Capex,231996.93
PR-00065,2025-08-21,Operations,Facilities,175664.92
PR-00066,2025-10-12,Finance,Training,42925.22
PR-00067,2025-06-01,Maintenance,MRO,146899.17
PR-00068,2025-10-05,Procurement,Services,19005.49
PR-00069,2025-10-27,Plant,IT,18935.5
PR-00070,2025-09-18,Procurement,IT,21787.73
PR-00071,2025-02-04,Finance,Logistics,103925.01
PR-00072,2025-10-19,Maintenance,MRO,156748.47
PR-00073,2025-08-03,Finance,Services,234003.03
PR-00074,2025-04-15,Finance,Services,63478.06
PR-00075,2025-07-22,Maintenance,Capex,117020.02
PR-00076,2025-02-07,Procurement,Training,157184.02
PR-00077,2025-10-16,Procurement,Safety,136720.43
PR-00078,2025-09-17,Operations,IT,233648.55
PR-00079,2025-02-05,Maintenance,Services,74821.91
PR-00080,2025-08-13,HR,Capex,154861.05
PR-00081,2025-12-01,HR,MRO,168626.48
PR-00082,2025-10-11,Operations,Safety,235037.85
PR-00083,2025-03-10,Operations,Safety,222979.61
PR-00084,2025-10-11,Maintenance,Capex,74030.29
PR-00085,2025-04-18,Finance,Services,54881.34
PR-00086,2025-11-21,Operations,Training,66524.71
PR-00087,2025-01-27,Procurement,Facilities,208190.28
PR-00088,2025-01-23,Procurement,Services,193924.21
PR-00089,2025-11-23,Operations,IT,186601.57
PR-00090,2025-10-10,Finance,Facilities,142422.18
PR-00091,2025-02-27,Procurement,IT,138669.62
PR-00092,2025-07-09,HR,IT,110297.74
PR-00093,2025-01-22,Operations,Services,225250.46
PR-00094,2025-01-21,Operations,Logistics,172106.34
PR-00095,2025-12-08,Procurement,Services,196128.48
PR-00096,2025-07-28,HR,IT,231812.14
PR-00097,2025-05-02,Maintenance,IT,220946.97
PR-00098,2025-01-13,Maintenance,Services,196684.69
PR-00099,2025-07-30,Finance,Logistics,70367.4
PR-00100,2025-12-26,Procurement,Facilities,218680.86
PR-00101,2025-08-29,Maintenance,Logistics,205063.72
PR-00102,2025-08-24,Operations,Capex,206031.41
PR-00103,2025-04-27,Maintenance,MRO,166708.13
PR-00104,2025-07-24,Operations,Capex,216766.47
PR-00105,2025-05-23,Operations,Facilities,171481.94
PR-00106,2025-10-02,Operations,MRO,33258.73
PR-00107,2025-05-14,Maintenance,Capex,14373.01
PR-00108,2025-11-02,Plant,Services,183493.54
PR-00109,2025-06-10,Plant,Safety,99372.88
PR-00110,2025-10-23,Maintenance,Capex,15874.7
PR-00111,2025-08-12,Procurement,Logistics,94234.26
PR-00112,2025-02-05,Finance,Services,157673.08
PR-00113,2025-12-06,Procurement,Capex,129245.01
PR-00114,2025-12-08,Plant,Services,103588.09
PR-00115,2025-06-01,HR,IT,52000.82
PR-00116,2025-12-07,Plant,IT,155801.15
PR-00117,2025-06-04,Plant,MRO,79449.36
PR-00118,2025-04-18,Plant,Services,118922.11
PR-00119,2025-08-15,Finance,Logistics,130237.63
PR-00120,2025-03-28,Finance,Safety,74527.67
PR-00121,2025-12-06,Finance,Services,27879.86
PR-00122,2025-05-01,Finance,Capex,60036.96
PR-00123,2025-04-12,Maintenance,MRO,16322.36
PR-00124,2025-09-01,HR,Safety,116576.96
PR-00125,2025-11-19,HR,Logistics,180994.75
PR-00126,2025-07-16,Plant,Facilities,64776.19
PR-00127,2025-12-02,Finance,MRO,223701.66
PR-00128,2025-02-24,Plant,Logistics,48092.24
PR-00129,2025-12-23,HR,Training,17303.5
PR-00130,2025-05-08,Procurement,Training,37668.08
PR-00131,2025-08-26,Finance,Services,237759.7
PR-00132,2025-08-15,HR,Facilities,208489.45
PR-00133,2025-10-08,Plant,IT,187195.58
PR-00134,2025-09-01,Plant,Capex,189185.31
PR-00135,2025-11-23,Operations,Training,158553.37
PR-00136,2025-05-21,Plant,Safety,179818.49
PR-00137,2025-05-01,Operations,Services,83328.84
PR-00138,2025-10-04,Procurement,IT,41953.51
PR-00139,2025-07-16,Finance,IT,178072.69
PR-00140,2025-02-02,Plant,Facilities,86065.94
PR-00141,2025-08-27,Plant,MRO,55674.43
PR-00142,2025-08-04,Plant,MRO,214899.35
PR-00143,2025-10-22,Plant,Training,6444.54
PR-00144,2025-06-30,Operations,Facilities,214094.75
PR-00145,2025-08-03,HR,Logistics,124616.22
PR-00146,2025-05-20,Plant,Training,12111.08
PR-00147,2025-06-22,Finance,Facilities,182424.44
PR-00148,2025-08-28,Maintenance,MRO,227197.57
PR-00149,2025-10-31,HR,MRO,25567.13
PR-00150,2025-08-08,Maintenance,Training,49523.61
PR-00151,2025-05-14,Plant,Services,56856.77
PR-00152,2025-06-17,Operations,Facilities,73172.87
PR-00153,2025-08-04,Operations,Safety,120225.17
PR-00154,2025-10-04,Procurement,Services,59934.43
PR-00155,2025-02-05,Finance,MRO,189787.13
PR-00156,2025-05-07,Maintenance,MRO,157227.24
PR-00157,2025-05-03,Maintenance,Training,169017.42
PR-00158,2025-10-16,Maintenance,Training,176368.92
PR-00159,2025-07-08,Maintenance,Safety,195559.01
PR-00160,2025-03-25,Operations,Safety,146777.76
PR-00161,2025-06-09,HR,Facilities,102180.34
PR-00162,2025-04-12,Procurement,Logistics,29965.82
PR-00163,2025-06-04,Finance,Safety,200075.67
PR-00164,2025-10-17,Procurement,Services,135522.59
PR-00165,2025-12-05,Operations,Safety,128960.39
PR-00166,2025-06-24,Procurement,Facilities,206471.07
PR-00167,2025-02-24,Plant,Services,160718.35
PR-00168,2025-08-24,Finance,IT,111694.35
PR-00169,2025-09-25,Finance,Capex,155898.53
PR-00170,2025-10-03,Plant,Training,111715.75
PR-00171,2025-10-31,Operations,Services,213669.72
PR-00172,2025-02-14,Operations,Training,64746.54
PR-00173,2025-08-26,HR,Facilities,87417.17
PR-00174,2025-09-11,Operations,IT,124449.73
PR-00175,2025-07-01,Operations,Services,73516.33
PR-00176,2025-11-02,Finance,Capex,141168.8
PR-00177,2025-09-22,Maintenance,Safety,64132.23
PR-00178,2025-07-28,Plant,Logistics,174199.29
PR-00179,2025-11-27,Finance,Training,114802.76
PR-00180,2025-01-09,Procurement,Capex,59291.12
PR-00181,2025-12-21,Maintenance,Capex,167670.21
PR-00182,2025-07-08,Plant,Services,109248.43
PR-00183,2025-10-09,Operations,Services,177199.46
PR-00184,2025-05-19,Operations,Capex,61481.82
PR-00185,2025-04-09,Operations,Safety,187005.86
PR-00186,2025-12-20,Maintenance,Logistics,58014.24
PR-00187,2025-09-05,Operations,Capex,245225.1
PR-00188,2025-04-10,Operations,Logistics,93415.86
PR-00189,2025-06-04,Procurement,IT,72206.28
PR-00190,2025-01-28,HR,Capex,175867.26
PR-00191,2025-03-06,Finance,Training,30133.97
PR-00192,2025-01-07,HR,Capex,120002.25
PR-00193,2025-08-14,Operations,IT,241546.92
PR-00194,2025-05-10,Plant,Safety,206418.33
PR-00195,2025-07-25,Plant,Safety,146370.18
PR-00196,2025-12-18,Procurement,IT,41553.41
PR-00197,2025-10-16,Operations,Safety,248509.94
PR-00198,2025-03-02,HR,Facilities,153547.82
PR-00199,2025-11-13,Maintenance,Facilities,115376.04
PR-00200,2025-08-15,Operations,Facilities,79818.16
PR-00201,2025-11-14,Procurement,Safety,237159.6
PR-00202,2025-04-17,Finance,Logistics,69838.3
PR-00203,2025-02-11,Maintenance,Logistics,47584.32
PR-00204,2025-02-08,Maintenance,MRO,105086.81
PR-00205,2025-12-19,HR,Training,76358.53
PR-00206,2025-04-29,Operations,Capex,177231.95
PR-00207,2025-08-21,Procurement,Logistics,231358.21
PR-00208,2025-11-17,HR,Logistics,109159.05
PR-00209,2025-10-06,Maintenance,IT,227560.8
PR-00210,2025-03-14,Procurement,MRO,45651.08
PR-00211,2025-06-07,HR,Capex,112592.59
PR-00212,2025-08-28,Finance,Capex,176434.75
PR-00213,2025-05-20,HR,Training,112250.92
PR-00214,2025-11-03,Procurement,Facilities,184960.81
PR-00215,2025-11-06,Operations,MRO,27375.09
PR-00216,2025-12-12,HR,MRO,249895.24
PR-00217,2025-12-11,Operations,MRO,191961.71
PR-00218,2025-03-31,Plant,Training,229437.83
PR-00219,2025-04-03,HR,Facilities,160522.26
PR-00220,2025-09-09,Procurement,Training,90250.46
PR-00221,2025-06-20,Operations,Safety,215144.61
PR-00222,2025-06-18,Plant,Training,75613.36
PR-00223,2025-07-25,HR,MRO,116432.35
PR-00224,2025-06-11,Operations,Services,33400.79
PR-00225,2025-07-26,HR,MRO,166126.79
PR-00226,2025-10-05,Plant,Facilities,18280.0
PR-00227,2025-09-23,Operations,Training,158225.14
PR-00228,2025-01-27,Maintenance,Capex,139558.81
PR-00229,2025-05-28,Plant,Training,34749.39
PR-00230,2025-11-19,HR,Logistics,178896.79
PR-00231,2025-06-09,HR,MRO,140301.6
PR-00232,2025-02-17,Maintenance,Safety,118054.73
PR-00233,2025-03-02,Finance,IT,127102.0
PR-00234,2025-05-30,HR,Capex,106795.13
PR-00235,2025-09-05,Plant,Logistics,116912.69
PR-00236,2025-03-16,Plant,Logistics,230857.7
PR-00237,2025-09-18,Finance,IT,216686.6
PR-00238,2025-05-22,Plant,Services,233890.86
PR-00239,2025-09-17,Operations,MRO,74295.55
PR-00240,2025-06-02,HR,Training,216988.85
PR-00241,2025-08-17,HR,Training,89555.37
PR-00242,2025-10-10,HR,Facilities,116559.43
PR-00243,2025-06-14,Maintenance,Logistics,145090.42
PR-00244,2025-04-30,Plant,MRO,82953.2
PR-00245,2025-08-31,Finance,Facilities,99589.29
PR-00246,2025-12-06,Finance,IT,126355.52
PR-00247,2025-01-19,Maintenance,Services,218076.58
PR-00248,2025-08-14,Procurement,Training,8760.16
PR-00249,2025-03-15,Plant,IT,23332.92
PR-00250,2025-05-16,Operations,Facilities,164209.98
PR-00251,2025-06-18,Finance,Facilities,238764.2
PR-00252,2025-11-17,Finance,Training,218733.84
PR-00253,2025-01-19,HR,Safety,62518.71
PR-00254,2025-12-17,Operations,Logistics,187957.76
PR-00255,2025-08-11,Procurement,Safety,113701.25
PR-00256,2025-12-22,Operations,MRO,16267.79
PR-00257,2025-01-29,Operations,Services,96836.07
PR-00258,2025-03-16,Maintenance,Facilities,143652.38
PR-00259,2025-04-03,Maintenance,IT,24347.25
PR-00260,2025-07-15,HR,Logistics,126928.48
PR-00261,2025-10-26,Maintenance,Logistics,117981.73
PR-00262,2025-05-11,Plant,Capex,168375.98
PR-00263,2025-08-27,Operations,IT,23096.17
PR-00264,2025-06-26,HR,Capex,161539.98
PR-00265,2025-08-06,Finance,Capex,116924.77
PR-00266,2025-06-04,Maintenance,Facilities,214067.19
PR-00267,2025-02-24,Maintenance,Facilities,145121.06
PR-00268,2025-10-22,Operations,Capex,10375.2
PR-00269,2025-12-04,Plant,Capex,6984.0
PR-00270,2025-12-18,Finance,MRO,228101.15
PR-00271,2025-09-12,Operations,Logistics,153730.92
PR-00272,2025-06-30,Maintenance,Logistics,157118.33
PR-00273,2025-12-14,Finance,IT,158920.79
PR-00274,2025-11-18,Finance,MRO,80688.56
PR-00275,2025-08-14,Procurement,Services,184428.14
PR-00276,2025-02-16,Operations,Services,188132.81
PR-00277,2025-03-31,Maintenance,IT,197695.64
PR-00278,2025-07-07,HR,Capex,208465.79
PR-00279,2025-05-12,Plant,Capex,187907.04
PR-00280,2025-06-23,Procurement,Training,240908.86
PR-00281,2025-03-14,Maintenance,Facilities,241981.09
PR-00282,2025-10-13,Operations,Safety,198717.08
PR-00283,2025-01-08,Operations,Safety,116422.58
PR-00284,2025-12-11,Finance,Capex,148217.22
PR-00285,2025-11-23,Operations,Safety,170334.96
PR-00286,2025-08-30,Procurement,Services,229237.7
PR-00287,2025-04-24,Finance,Safety,160673.96
PR-00288,2025-08-26,Finance,Capex,164063.66
PR-00289,2025-03-01,Maintenance,MRO,236834.08
PR-00290,2025-06-05,Plant,Safety,28812.04
PR-00291,2025-10-03,Maintenance,Facilities,116142.72
PR-00292,2025-12-10,Finance,Facilities,148898.38
PR-00293,2025-03-21,Plant,Safety,209254.81
PR-00294,2025-11-12,Plant,Capex,13015.49
PR-00295,2025-07-09,Maintenance,Training,113950.49
PR-00296,2025-05-01,Operations,Safety,245327.29
PR-00297,2025-07-08,HR,Services,19834.77
PR-00298,2025-05-22,Maintenance,Safety,237507.64
PR-00299,2025-08-21,Procurement,Logistics,162217.59
PR-00300,2025-11-02,Procurement,MRO,197764.67
PR-00301,2025-05-05,Maintenance,Logistics,21809.49
PR-00302,2025-10-11,Maintenance,Logistics,204197.98
PR-00303,2025-04-30,Operations,IT,198217.72
PR-00304,2025-11-02,Procurement,Capex,215309.5
PR-00305,2025-03-16,Maintenance,Capex,200635.89
PR-00306,2025-02-26,Finance,MRO,37291.79
PR-00307,2025-07-03,Maintenance,Services,8866.37
PR-00308,2025-05-16,Procurement,IT,186720.92
PR-00309,2025-09-27,Procurement,Safety,121680.26
PR-00310,2025-07-05,HR,Safety,115741.33
PR-00311,2025-04-24,HR,MRO,183174.53
PR-00312,2025-12-04,HR,Capex,117220.42
PR-00313,2025-01-16,Procurement,Training,212588.14
PR-00314,2025-08-07,Finance,Safety,125115.87
PR-00315,2025-08-16,Procurement,Safety,83917.4
PR-00316,2025-03-17,Procurement,IT,72378.92
PR-00317,2025-11-21,HR,Services,98321.58
PR-00318,2025-11-02,HR,Capex,116160.28
PR-00319,2025-11-06,Plant,Safety,199308.54
PR-00320,2025-02-28,Finance,Logistics,110367.14
PR-00321,2025-04-27,Plant,Services,207717.71
PR-00322,2025-07-24,Plant,Safety,81574.35
PR-00323,2025-06-10,Finance,Capex,96703.75
PR-00324,2025-03-20,Finance,Training,21447.66
PR-00325,2025-02-13,Procurement,Facilities,28658.29
PR-00326,2025-07-10,Maintenance,MRO,148683.95
PR-00327,2025-10-15,HR,Services,169153.25
PR-00328,2025-07-30,Operations,Facilities,217682.58
PR-00329,2025-01-27,Operations,Capex,91153.32
PR-00330,2025-10-23,HR,Logistics,42908.89
PR-00331,2025-09-04,Maintenance,Safety,90777.93
PR-00332,2025-10-12,Operations,Safety,191838.38
PR-00333,2025-10-21,Maintenance,Facilities,212063.01
PR-00334,2025-11-15,HR,MRO,154203.75
PR-00335,2025-12-03,Finance,Capex,12093.53
PR-00336,2025-05-20,Finance,Capex,230776.69
PR-00337,2025-06-29,Procurement,IT,218116.36
PR-00338,2025-10-17,Finance,Facilities,22048.43
PR-00339,2025-11-21,Procurement,Safety,187797.38
PR-00340,2025-04-21,Plant,Facilities,116143.22
PR-00341,2025-03-22,Operations,Capex,181791.01
PR-00342,2025-10-18,HR,Safety,221418.84
PR-00343,2025-03-21,Maintenance,MRO,170122.33
PR-00344,2025-05-20,Plant,Facilities,123987.12
PR-00345,2025-08-15,Plant,Capex,57814.4
PR-00346,2025-09-20,Procurement,Services,110328.84
PR-00347,2025-05-26,Finance,Training,134098.86
PR-00348,2025-06-07,Procurement,Logistics,101839.53
PR-00349,2025-11-03,Procurement,MRO,55083.67
PR-00350,2025-04-19,Maintenance,Capex,75914.55
PR-00351,2025-03-03,Procurement,Training,188018.46
PR-00352,2025-03-31,Maintenance,Facilities,135482.68
PR-00353,2025-04-28,HR,Services,22658.5
PR-00354,2025-01-22,Plant,MRO,117639.79
PR-00355,2025-02-09,Operations,Facilities,145482.92
PR-00356,2025-12-30,Finance,Facilities,75931.23
PR-00357,2025-07-27,Procurement,Services,47108.93
PR-00358,2025-11-13,Plant,Services,26591.82
PR-00359,2025-02-24,Maintenance,Facilities,149273.47
PR-00360,2025-09-26,Procurement,Facilities,218278.48
PR-00361,2025-06-23,Maintenance,Services,195883.88
PR-00362,2025-02-09,HR,Safety,134998.18
PR-00363,2025-04-10,Operations,Services,183207.88
PR-00364,2025-11-27,Maintenance,Logistics,30187.11
PR-00365,2025-05-12,Maintenance,IT,152587.75
PR-00366,2025-12-02,Procurement,IT,238066.57
PR-00367,2025-11-18,Plant,Training,189839.23
PR-00368,2025-10-24,Plant,Services,216740.48
PR-00369,2025-11-18,Operations,IT,112741.89
PR-00370,2025-08-29,Plant,Capex,200100.77
PR-00371,2025-10-30,Procurement,Services,129297.54
PR-00372,2025-06-08,Plant,Training,14213.78
PR-00373,2025-07-08,Operations,Safety,162943.29
PR-00374,2025-02-16,HR,Facilities,118364.36
PR-00375,2025-10-11,Finance,MRO,115184.76
PR-00376,2025-10-20,Finance,Logistics,83774.06
PR-00377,2025-09-01,HR,IT,239641.98
PR-00378,2025-08-19,Procurement,Services,245684.47
PR-00379,2025-02-13,HR,IT,14589.82
PR-00380,2025-12-29,Plant,Training,133396.8
PR-00381,2025-11-09,Maintenance,Services,96348.74
PR-00382,2025-05-25,Plant,Facilities,194743.87
PR-00383,2025-12-14,HR,MRO,198360.6
PR-00384,2025-11-28,Operations,Safety,85774.24
PR-00385,2025-10-13,Finance,Facilities,74616.01
PR-00386,2025-12-03,HR,IT,86673.7
PR-00387,2025-10-26,Finance,IT,229602.88
PR-00388,2025-06-08,Finance,Facilities,36593.16
PR-00389,2025-12-29,Procurement,Capex,141935.91
PR-00390,2025-11-26,Operations,IT,169178.52
PR-00391,2025-12-17,HR,Safety,163276.08
PR-00392,2025-08-05,HR,Services,9466.48
PR-00393,2025-06-08,Maintenance,Logistics,88724.42
PR-00394,2025-09-06,Maintenance,Logistics,249994.27
PR-00395,2025-03-21,Procurement,Capex,211884.96
PR-00396,2025-02-21,HR,MRO,167172.66
PR-00397,2025-11-13,Maintenance,Facilities,42791.93
PR-00398,2025-04-03,Finance,IT,181689.83
PR-00399,2025-01-23,Plant,Services,170708.92
PR-00400,2025-05-02,Plant,Capex,189335.84
PR-00401,2025-08-18,Maintenance,Logistics,80819.63
PR-00402,2025-08-29,Maintenance,Services,171185.17
PR-00403,2025-10-20,Plant,Training,193512.45
PR-00404,2025-07-15,HR,Facilities,241735.7
PR-00405,2025-04-13,HR,IT,218885.47
PR-00406,2025-01-27,Finance,Training,219158.65
PR-00407,2025-10-11,Procurement,Safety,74840.44
PR-00408,2025-03-24,Operations,Training,226800.02
PR-00409,2025-03-17,Plant,Safety,236871.25
PR-00410,2025-04-24,Plant,Services,232965.62
PR-00411,2025-08-01,Procurement,Facilities,127991.74
PR-00412,2025-05-01,Plant,Safety,96853.6
PR-00413,2025-01-15,Operations,Safety,210598.19
PR-00414,2025-11-29,Operations,IT,38711.9
PR-00415,2025-05-27,Plant,IT,190916.08
PR-00416,2025-08-29,Plant,MRO,226935.08
PR-00417,2025-01-10,Operations,Logistics,209565.96
PR-00418,2025-10-08,Finance,Facilities,32240.78
PR-00419,2025-05-28,Maintenance,Capex,34852.84
PR-00420,2025-05-03,Plant,Training,20387.75
PR-00421,2025-09-13,HR,MRO,159828.96
PR-00422,2025-10-22,Maintenance,IT,76361.64
PR-00423,2025-01-01,HR,Services,63938.24
PR-00424,2025-08-02,Maintenance,Safety,133253.72
PR-00425,2025-07-04,Procurement,MRO,100661.16
PR-00426,2025-08-29,Procurement,Facilities,245354.66
PR-00427,2025-05-10,Finance,MRO,92488.0
PR-00428,2025-02-04,Operations,Logistics,184570.55
PR-00429,2025-11-18,Procurement,Services,37685.35
PR-00430,2025-06-30,HR,Services,204309.67
PR-00431,2025-03-31,Finance,Training,245300.7
PR-00432,2025-09-03,Finance,IT,203816.93
PR-00433,2025-02-02,Finance,Training,14061.03
PR-00434,2025-04-14,Procurement,Logistics,222018.64
PR-00435,2025-06-11,Operations,Facilities,247335.06
PR-00436,2025-10-06,Plant,Capex,13972.09
PR-00437,2025-11-28,Maintenance,Capex,92458.67
PR-00438,2025-01-25,Finance,Services,71938.07
PR-00439,2025-07-08,Plant,Facilities,187110.39
PR-00440,2025-07-17,Operations,IT,126569.79
PR-00441,2025-09-12,Operations,Capex,201281.28
PR-00442,2025-08-06,Procurement,Facilities,152601.06
PR-00443,2025-04-03,HR,Capex,83696.8
PR-00444,2025-02-10,Operations,Capex,80091.48
PR-00445,2025-11-05,Finance,Facilities,45827.97
PR-00446,2025-08-16,Operations,Training,15377.01
PR-00447,2025-06-30,HR,Facilities,72266.06
PR-00448,2025-01-30,Procurement,Facilities,94011.23
PR-00449,2025-12-14,Maintenance,MRO,39980.97
PR-00450,2025-11-08,Finance,Training,13525.75
PR-00451,2025-02-04,Maintenance,Services,93726.89
PR-00452,2025-10-18,Procurement,IT,171370.2
PR-00453,2025-07-09,Operations,Training,191955.7
PR-00454,2025-10-21,Maintenance,Services,102518.34
PR-00455,2025-11-29,Operations,Logistics,240327.41
PR-00456,2025-01-14,Finance,IT,127265.77
PR-00457,2025-07-18,HR,Safety,69135.29
PR-00458,2025-05-14,Finance,Training,57569.75
PR-00459,2025-11-10,Operations,Training,54043.69
PR-00460,2025-03-11,Procurement,Training,47300.81
PR-00461,2025-08-16,Procurement,Services,168620.75
PR-00462,2025-12-30,Procurement,Capex,223376.26
PR-00463,2025-03-22,Finance,IT,199455.61
PR-00464,2025-09-18,Maintenance,Safety,246357.47
PR-00465,2025-03-13,Maintenance,Training,11439.59
PR-00466,2025-10-11,HR,Services,119514.43
PR-00467,2025-10-10,Maintenance,Safety,21108.29
PR-00468,2025-07-23,Finance,Training,133795.44
PR-00469,2025-07-29,HR,Safety,35705.06
PR-00470,2025-06-12,Finance,Safety,115243.75
PR-00471,2025-12-15,HR,Services,36441.98
PR-00472,2025-10-10,Finance,IT,193106.5
PR-00473,2025-03-08,Plant,MRO,208690.75
PR-00474,2025-09-23,Maintenance,Capex,45340.98
PR-00475,2025-06-15,Finance,Logistics,89775.66
PR-00476,2025-09-23,Operations,Safety,66398.3
PR-00477,2025-11-22,HR,Capex,35666.72
PR-00478,2025-06-05,HR,Safety,128130.42
PR-00479,2025-03-28,HR,IT,46944.15
PR-00480,2025-11-16,Finance,Services,211419.85
PR-00481,2025-10-16,Procurement,MRO,24899.6
PR-00482,2025-11-25,HR,Capex,164526.84
PR-00483,2025-10-20,Plant,MRO,127019.32
PR-00484,2025-11-18,HR,Capex,162267.29
PR-00485,2025-06-04,Plant,Logistics,202148.6
PR-00486,2025-12-17,Plant,Capex,116118.31
PR-00487,2025-12-19,Procurement,IT,112703.35
PR-00488,2025-09-05,Plant,Logistics,88347.18
PR-00489,2025-03-15,Operations,Services,184878.94
PR-00490,2025-06-26,Plant,IT,191362.92
PR-00491,2025-09-21,HR,Safety,83183.39
PR-00492,2025-08-27,Procurement,Capex,115151.02
PR-00493,2025-03-14,Procurement,MRO,76101.94
PR-00494,2025-07-16,HR,Facilities,65826.22
PR-00495,2025-03-23,Operations,Services,51509.35
PR-00496,2025-03-23,Plant,Training,127196.13
PR-00497,2025-06-07,Plant,MRO,27062.03
PR-00498,2025-07-21,HR,Training,241838.22
PR-00499,2025-04-21,HR,Services,16921.24
PR-00500,2025-05-25,Plant,Training,75008.35
PR-00501,2025-01-05,Procurement,Facilities,37814.06
PR-00502,2025-05-16,Finance,Services,192144.91
PR-00503,2025-07-07,Procurement,Facilities,17533.63
PR-00504,2025-10-15,Maintenance,Services,140539.62
PR-00505,2025-02-07,Plant,Training,192279.01
PR-00506,2025-05-24,HR,Safety,36522.53
PR-00507,2025-02-19,Plant,Services,199749.82
PR-00508,2025-06-23,HR,Services,189966.47
PR-00509,2025-04-12,HR,Facilities,127519.09
PR-00510,2025-01-24,Procurement,IT,179830.0
PR-00511,2025-08-31,HR,Training,41490.46
PR-00512,2025-09-21,Maintenance,Services,233185.34
PR-00513,2025-06-13,Maintenance,Facilities,247700.86
PR-00514,2025-06-03,HR,Services,129292.17
PR-00515,2025-09-18,HR,Training,178641.25
PR-00516,2025-06-03,Plant,MRO,95247.66
PR-00517,2025-12-11,Procurement,Facilities,148007.02
PR-00518,2025-12-19,Finance,MRO,151242.86
PR-00519,2025-05-16,Finance,Logistics,181743.03
PR-00520,2025-10-26,Plant,IT,133436.92
PR-00521,2025-11-14,Plant,IT,206307.02
PR-00522,2025-05-05,Procurement,Safety,51742.16
PR-00523,2025-08-14,Operations,Facilities,42100.66
PR-00524,2025-12-20,Maintenance,Facilities,127945.78
PR-00525,2025-11-10,Plant,MRO,177914.93
PR-00526,2025-09-23,Maintenance,Services,249540.1
PR-00527,2025-09-02,HR,Facilities,81869.39
PR-00528,2025-03-30,Plant,Services,138836.94
PR-00529,2025-12-13,Finance,Capex,154468.76
PR-00530,2025-04-09,Maintenance,Capex,141731.23
PR-00531,2025-04-26,Operations,Capex,177700.73
PR-00532,2025-12-20,Finance,Training,82674.98
PR-00533,2025-06-28,HR,Capex,75508.4
PR-00534,2025-10-21,Finance,Facilities,224461.31
PR-00535,2025-07-22,Operations,IT,76160.9
PR-00536,2025-05-28,Finance,Safety,89859.06
PR-00537,2025-08-15,Finance,Capex,188097.93
PR-00538,2025-04-20,Maintenance,Capex,233590.86
PR-00539,2025-12-23,Operations,IT,31760.51
PR-00540,2025-10-28,Maintenance,Logistics,17437.53
PR-00541,2025-09-29,Maintenance,Logistics,17860.32
PR-00542,2025-07-31,Operations,Training,29633.5
PR-00543,2025-03-12,Procurement,IT,104692.33
PR-00544,2025-09-01,Plant,Logistics,190198.21
PR-00545,2025-05-28,Operations,Capex,163244.99
PR-00546,2025-02-15,Finance,Logistics,136112.31
PR-00547,2025-01-20,Maintenance,Facilities,221150.02
PR-00548,2025-04-01,Procurement,Facilities,198050.35
PR-00549,2025-04-06,Finance,Capex,219802.08
PR-00550,2025-01-05,Operations,Safety,232471.44
PR-00551,2025-06-21,Operations,Training,247329.37
PR-00552,2025-10-06,HR,Training,222868.69
PR-00553,2025-03-10,HR,Training,71845.08
PR-00554,2025-02-27,Operations,IT,184124.21
PR-00555,2025-11-28,Operations,IT,8450.63
PR-00556,2025-06-22,Operations,Logistics,47996.25
PR-00557,2025-11-24,Plant,Facilities,131243.76
PR-00558,2025-02-14,Plant,Safety,50271.39
PR-00559,2025-03-13,Plant,Services,234277.22
PR-00560,2025-01-04,Operations,Facilities,62702.71
PR-00561,2025-05-17,Operations,Capex,147702.88
PR-00562,2025-10-21,Procurement,Capex,165152.42
PR-00563,2025-12-21,Maintenance,MRO,168607.6
PR-00564,2025-08-27,Operations,IT,104327.07
PR-00565,2025-09-15,Finance,Capex,174121.14
PR-00566,2025-11-24,Operations,Services,155583.23
PR-00567,2025-04-23,Maintenance,Training,42530.46
PR-00568,2025-11-07,Operations,Facilities,176975.48
PR-00569,2025-08-30,HR,Logistics,191655.61
PR-00570,2025-12-15,HR,Safety,133749.13
PR-00571,2025-09-28,Finance,Services,24135.17
PR-00572,2025-10-16,Procurement,MRO,208049.64
PR-00573,2025-09-16,Maintenance,IT,45311.6
PR-00574,2025-09-24,Plant,Safety,171672.33
PR-00575,2025-10-26,Plant,Safety,225227.89
PR-00576,2025-08-17,Procurement,Training,37326.36
PR-00577,2025-08-01,Plant,MRO,141905.31
PR-00578,2025-12-11,Operations,MRO,102007.43
PR-00579,2025-01-02,Finance,Logistics,146686.26
PR-00580,2025-01-24,Plant,Services,176594.3
PR-00581,2025-10-05,Procurement,Safety,246603.63
PR-00582,2025-08-30,Procurement,Capex,105172.4
PR-00583,2025-03-11,Finance,Facilities,96742.93
PR-00584,2025-07-15,Plant,Facilities,97033.16
PR-00585,2025-12-16,Finance,IT,165115.85
PR-00586,2025-06-28,Procurement,IT,248247.46
PR-00587,2025-07-21,HR,IT,183325.24
PR-00588,2025-04-25,Procurement,MRO,244730.22
PR-00589,2025-08-26,Finance,Facilities,135323.73
PR-00590,2025-04-28,Maintenance,Training,89809.14
PR-00591,2025-05-22,Maintenance,Safety,12893.24
PR-00592,2025-12-05,Plant,MRO,63963.24
PR-00593,2025-02-04,Procurement,MRO,114378.06
PR-00594,2025-12-11,Finance,MRO,64959.87
PR-00595,2025-01-23,Plant,Training,62413.12
PR-00596,2025-04-22,Procurement,IT,128454.48
PR-00597,2025-05-29,Maintenance,Services,146481.33
PR-00598,2025-12-11,Operations,Logistics,78932.29
PR-00599,2025-03-15,Finance,Logistics,106322.25
PR-00600,2025-05-21,Procurement,IT,158368.32
PR-00601,2025-08-07,HR,Training,16486.6
PR-00602,2025-06-26,Finance,Facilities,197522.13
PR-00603,2025-06-13,Finance,Facilities,105023.5
PR-00604,2025-06-03,Plant,IT,189831.94
PR-00605,2025-08-31,Maintenance,Logistics,78680.42
PR-00606,2025-12-29,Maintenance,Training,229111.59
PR-00607,2025-10-15,Plant,Facilities,141535.26
PR-00608,2025-03-10,Plant,Logistics,67473.93
PR-00609,2025-06-19,Finance,Safety,230945.4
PR-00610,2025-07-09,Procurement,Logistics,17626.47
PR-00611,2025-07-13,Finance,MRO,219037.01
PR-00612,2025-04-07,HR,Logistics,122451.58
PR-00613,2025-06-20,Operations,MRO,56892.9
PR-00614,2025-04-08,Finance,Safety,187985.41
PR-00615,2025-09-03,Maintenance,Logistics,102174.85
PR-00616,2025-05-03,HR,Services,195000.9
PR-00617,2025-07-14,Plant,Services,80563.46
PR-00618,2025-07-04,HR,Training,119171.0
PR-00619,2025-08-29,Operations,Logistics,95822.71
PR-00620,2025-07-31,Procurement,Logistics,186606.83
PR-00621,2025-01-09,Operations,Facilities,77322.11
PR-00622,2025-04-11,Operations,Logistics,98060.74
PR-00623,2025-05-06,Plant,Services,68045.06
PR-00624,2025-09-08,Finance,Training,117903.1
PR-00625,2025-06-30,Maintenance,IT,181476.82
PR-00626,2025-09-08,Maintenance,MRO,133366.38
PR-00627,2025-02-08,Finance,MRO,192263.02
PR-00628,2025-07-31,Maintenance,Logistics,21652.15
PR-00629,2025-03-19,Procurement,Logistics,128904.57
PR-00630,2025-07-11,Procurement,Training,166524.66
PR-00631,2025-01-09,Procurement,Facilities,7903.49
PR-00632,2025-09-29,Finance,Capex,136255.84
PR-00633,2025-05-27,Procurement,Facilities,202511.09
PR-00634,2025-04-02,Procurement,Safety,133474.42
PR-00635,2025-05-04,Maintenance,Capex,204727.53
PR-00636,2025-05-17,Plant,Safety,96397.64
PR-00637,2025-07-27,Plant,Logistics,247607.09
PR-00638,2025-04-26,Operations,Safety,165165.25
PR-00639,2025-11-29,Procurement,Safety,104293.18
PR-00640,2025-07-13,HR,Training,18748.16
PR-00641,2025-01-05,Finance,IT,25258.1
PR-00642,2025-08-11,Finance,Services,143634.87
PR-00643,2025-02-18,HR,MRO,61292.79
PR-00644,2025-12-21,HR,Training,71418.29
PR-00645,2025-02-08,Finance,Capex,225331.35
PR-00646,2025-10-16,Finance,MRO,48941.85
PR-00647,2025-06-11,Procurement,Logistics,148823.85
PR-00648,2025-12-31,Plant,Safety,78322.84
PR-00649,2025-10-16,Maintenance,Facilities,170873.57
PR-00650,2025-10-04,Operations,Facilities,190124.27
PR-00651,2025-03-13,Finance,Safety,127694.25
PR-00652,2025-06-27,Procurement,Safety,112086.62
PR-00653,2025-02-08,Operations,Facilities,242385.53
PR-00654,2025-06-17,Procurement,Capex,196969.29
PR-00655,2025-08-19,Plant,Logistics,92173.74
PR-00656,2025-07-12,Plant,IT,171525.24
PR-00657,2025-12-05,Plant,Safety,194181.01
PR-00658,2025-06-01,Maintenance,Safety,25099.31
PR-00659,2025-03-20,Plant,IT,186215.55
PR-00660,2025-06-12,Operations,Safety,27422.51
PR-00661,2025-06-07,Plant,Services,191529.89
PR-00662,2025-02-22,Maintenance,Safety,50910.99
PR-00663,2025-08-18,HR,Facilities,30306.77
PR-00664,2025-02-15,Operations,Safety,151246.52
PR-00665,2025-06-16,Plant,MRO,76502.6
PR-00666,2025-07-18,Procurement,Logistics,145130.31
PR-00667,2025-03-28,Finance,Facilities,46527.93
PR-00668,2025-05-18,Operations,Capex,125815.37
PR-00669,2025-02-02,Maintenance,Facilities,72610.66
PR-00670,2025-06-03,Plant,Safety,93475.6
PR-00671,2025-05-07,Finance,Training,150482.57
PR-00672,2025-04-11,Plant,Safety,38194.93
PR-00673,2025-01-04,Plant,Services,211195.28
PR-00674,2025-07-14,Operations,Training,87010.37
PR-00675,2025-11-30,HR,IT,78606.64
PR-00676,2025-11-05,Finance,Logistics,122357.39
PR-00677,2025-04-01,Plant,Services,76404.8
PR-00678,2025-12-22,Finance,Training,242101.96
PR-00679,2025-05-05,Operations,Facilities,73673.54
PR-00680,2025-07-21,Operations,Safety,233356.45
PR-00681,2025-04-13,HR,IT,172019.6
PR-00682,2025-10-09,Procurement,Training,236028.85
PR-00683,2025-04-18,Plant,Capex,208664.04
PR-00684,2025-02-05,Plant,Training,39098.89
PR-00685,2025-06-05,Maintenance,Capex,166372.43
PR-00686,2025-08-05,Plant,Safety,115021.35
PR-00687,2025-11-03,Plant,Facilities,135920.01
PR-00688,2025-12-21,Plant,MRO,198726.62
PR-00689,2025-07-04,Finance,Safety,31795.51
PR-00690,2025-05-08,Finance,Services,45752.93
PR-00691,2025-11-10,Procurement,Facilities,241868.73
PR-00692,2025-06-19,Plant,Safety,7584.2
PR-00693,2025-05-13,Maintenance,Logistics,114215.75
PR-00694,2025-07-20,Plant,IT,89517.01
PR-00695,2025-01-13,Plant,Safety,77380.89
PR-00696,2025-02-13,Procurement,IT,90340.52
PR-00697,2025-06-25,Plant,Logistics,132673.13
PR-00698,2025-06-28,Plant,Safety,112350.65
PR-00699,2025-12-23,Plant,Services,21457.71
PR-00700,2025-01-23,Finance,Safety,10533.35
PR-00701,2025-06-25,Finance,Safety,170899.14
PR-00702,2025-03-26,Finance,Logistics,131418.51
PR-00703,2025-10-10,Maintenance,Services,142162.99
PR-00704,2025-08-25,Maintenance,Facilities,159291.28
PR-00705,2025-04-06,Finance,Facilities,101917.68
PR-00706,2025-11-11,Maintenance,Training,150089.77
PR-00707,2025-07-19,Procurement,Logistics,55417.2
PR-00708,2025-12-27,Procurement,Safety,200878.08
PR-00709,2025-10-02,Maintenance,Services,84866.3
PR-00710,2025-08-23,Procurement,Capex,169321.85
PR-00711,2025-09-08,HR,Services,151257.85
PR-00712,2025-11-09,Plant,Safety,90241.54
PR-00713,2025-08-23,HR,IT,204365.87
PR-00714,2025-12-28,Operations,Safety,169666.97
PR-00715,2025-06-10,Procurement,Logistics,79818.1
PR-00716,2025-04-04,Operations,IT,130152.09
PR-00717,2025-08-03,HR,IT,145827.48
PR-00718,2025-08-05,Maintenance,Training,160697.9
PR-00719,2025-12-22,Finance,IT,140953.58
PR-00720,2025-09-08,Operations,IT,50839.15
PR-00721,2025-08-19,HR,MRO,217052.95
PR-00722,2025-01-05,Plant,IT,52806.48
PR-00723,2025-07-16,HR,Training,105237.92
PR-00724,2025-09-09,Plant,Training,124731.38
PR-00725,2025-02-12,HR,MRO,199990.82
PR-00726,2025-04-23,Operations,MRO,72338.96
PR-00727,2025-10-03,Operations,IT,196281.35
PR-00728,2025-10-17,Finance,Training,139682.92
PR-00729,2025-02-27,HR,Safety,70632.78
PR-00730,2025-10-06,Operations,MRO,191201.01
PR-00731,2025-08-14,HR,Logistics,247495.05
PR-00732,2025-02-22,Finance,Logistics,77938.69
PR-00733,2025-01-17,Plant,Capex,90401.36
PR-00734,2025-02-14,Plant,Safety,195029.75
PR-00735,2025-05-02,Maintenance,Services,215956.93
PR-00736,2025-11-09,Finance,Facilities,45665.5
PR-00737,2025-03-13,Maintenance,Logistics,202332.92
PR-00738,2025-10-19,Operations,Capex,151230.13
PR-00739,2025-03-28,Operations,Capex,75886.64
PR-00740,2025-05-17,HR,Safety,38219.28
PR-00741,2025-07-30,Procurement,Capex,217426.66
PR-00742,2025-03-06,Finance,IT,66170.92
PR-00743,2025-12-31,Operations,Logistics,191561.03
PR-00744,2025-12-13,Plant,Training,39832.05
PR-00745,2025-11-20,Operations,Facilities,96917.22
PR-00746,2025-02-08,Finance,Safety,103698.44
PR-00747,2025-05-23,Finance,Services,116400.43
PR-00748,2025-09-07,Operations,MRO,217882.4
PR-00749,2025-02-17,Finance,Training,160535.93
PR-00750,2025-12-24,Operations,Safety,199941.09
PR-00751,2025-07-23,Maintenance,Facilities,207087.67
PR-00752,2025-09-11,Operations,Services,207944.19
PR-00753,2025-06-22,HR,IT,143704.82
PR-00754,2025-09-06,Operations,MRO,16256.02
PR-00755,2025-11-17,Plant,MRO,35438.11
PR-00756,2025-03-22,Plant,Training,5165.6
PR-00757,2025-08-08,Maintenance,IT,221126.2
PR-00758,2025-06-04,Maintenance,Capex,27868.3
PR-00759,2025-07-04,Operations,Safety,96101.72
PR-00760,2025-11-29,Maintenance,MRO,102103.68
PR-00761,2025-06-06,Finance,Logistics,110161.58
PR-00762,2025-02-16,Finance,Safety,5266.14
PR-00763,2025-09-02,Procurement,IT,150451.48
PR-00764,2025-09-23,Finance,Training,7275.3
PR-00765,2025-12-23,Operations,Safety,247097.95
PR-00766,2025-08-05,Finance,IT,122036.56
PR-00767,2025-04-28,Plant,Safety,184037.03
PR-00768,2025-02-22,Procurement,Services,95052.61
PR-00769,2025-06-03,Maintenance,Facilities,194497.82
PR-00770,2025-03-10,Finance,IT,21760.84
PR-00771,2025-10-16,Procurement,IT,112824.36
PR-00772,2025-04-20,Finance,IT,230374.06
PR-00773,2025-11-12,Finance,Training,215690.82
PR-00774,2025-02-14,Procurement,IT,189349.18
PR-00775,2025-10-29,Finance,Facilities,91126.23
PR-00776,2025-08-08,Operations,IT,65707.66
PR-00777,2025-11-27,Procurement,Logistics,140582.17
PR-00778,2025-11-04,Finance,Capex,195847.56
PR-00779,2025-12-20,Procurement,Capex,55334.2
PR-00780,2025-11-07,HR,Logistics,188221.69
PR-00781,2025-06-01,Finance,MRO,197031.39
PR-00782,2025-05-03,Plant,Facilities,32622.2
PR-00783,2025-09-13,Finance,Safety,134430.19
PR-00784,2025-01-07,Operations,Services,37335.81
PR-00785,2025-10-19,Plant,Services,138857.27
PR-00786,2025-03-30,Plant,Safety,9088.9
PR-00787,2025-02-04,Procurement,Capex,57857.02
PR-00788,2025-01-31,Plant,Capex,158999.82
PR-00789,2025-09-14,Plant,Facilities,176943.61
PR-00790,2025-02-12,Finance,IT,72979.6
PR-00791,2025-06-08,Procurement,Logistics,243706.78
PR-00792,2025-03-21,HR,Services,100729.22
PR-00793,2025-11-21,Finance,Safety,80991.53
PR-00794,2025-08-12,Finance,Logistics,19186.96
PR-00795,2025-02-14,Plant,Safety,116076.1
PR-00796,2025-11-08,Procurement,Capex,168189.5
PR-00797,2025-12-03,Finance,IT,34263.54
PR-00798,2025-12-29,Maintenance,MRO,45138.99
PR-00799,2025-06-27,HR,Capex,45905.92
PR-00800,2025-03-06,Finance,Capex,184569.28
PR-00801,2025-03-02,Procurement,Services,202741.42
PR-00802,2025-05-20,HR,Safety,69422.66
PR-00803,2025-10-23,Finance,Safety,126556.15
PR-00804,2025-09-19,Operations,MRO,127404.45
PR-00805,2025-10-18,Maintenance,Services,43540.95
PR-00806,2025-02-22,HR,Safety,60959.08
PR-00807,2025-09-18,Procurement,MRO,215378.81
PR-00808,2025-01-07,Maintenance,MRO,120582.32
PR-00809,2025-07-16,Maintenance,IT,233134.22
PR-00810,2025-01-19,HR,Facilities,60006.25
PR-00811,2025-05-08,Plant,Services,71458.2
PR-00812,2025-02-09,HR,Services,34253.23
PR-00813,2025-12-11,Procurement,IT,59680.34
PR-00814,2025-09-22,Procurement,Facilities,21886.98
PR-00815,2025-08-27,Operations,Capex,85188.73
PR-00816,2025-10-11,Plant,MRO,95385.24
PR-00817,2025-05-30,HR,Capex,186196.12
PR-00818,2025-05-05,Plant,Services,149964.28
PR-00819,2025-09-10,Maintenance,Logistics,41888.76
PR-00820,2025-07-29,Procurement,Logistics,137678.57
PR-00821,2025-11-22,Finance,MRO,237992.61
PR-00822,2025-01-01,Finance,Facilities,213006.47
PR-00823,2025-06-07,Procurement,Logistics,134804.55
PR-00824,2025-05-02,Plant,Training,240490.34
PR-00825,2025-03-14,Finance,Capex,27791.53
PR-00826,2025-04-29,HR,Facilities,176707.49
PR-00827,2025-07-10,Plant,Safety,147288.8
PR-00828,2025-09-16,Maintenance,Facilities,23333.47
PR-00829,2025-10-18,Procurement,Facilities,167298.76
PR-00830,2025-03-08,Maintenance,Capex,68942.78
PR-00831,2025-06-11,Plant,Services,82924.14
PR-00832,2025-05-20,Maintenance,Safety,236170.9
PR-00833,2025-03-11,HR,Safety,43075.59
PR-00834,2025-03-26,Plant,Training,81938.16
PR-00835,2025-03-03,HR,Services,241335.51
PR-00836,2025-04-17,Plant,Capex,118519.92
PR-00837,2025-03-03,Procurement,IT,202861.24
PR-00838,2025-06-05,Finance,MRO,57680.09
PR-00839,2025-06-17,Maintenance,Safety,179233.56
PR-00840,2025-07-02,Plant,MRO,170909.93
PR-00841,2025-05-14,Maintenance,MRO,238263.67
PR-00842,2025-08-20,HR,Logistics,28207.69
PR-00843,2025-02-22,Maintenance,Safety,7929.45
PR-00844,2025-04-24,Maintenance,Logistics,206799.99
PR-00845,2025-07-10,Finance,Safety,147669.33
PR-00846,2025-05-13,Procurement,MRO,249304.55
PR-00847,2025-04-12,Finance,Training,203278.17
PR-00848,2025-02-17,Operations,Safety,15460.6
PR-00849,2025-08-25,Procurement,IT,231412.27
PR-00850,2025-08-10,Finance,Facilities,126550.97
PR-00851,2025-07-15,Finance,Facilities,47337.77
PR-00852,2025-04-20,Maintenance,Capex,73564.37
PR-00853,2025-03-18,Procurement,Logistics,163583.21
PR-00854,2025-09-13,Plant,Training,19939.87
PR-00855,2025-05-24,Plant,IT,107712.53
PR-00856,2025-11-26,HR,Logistics,159534.83
PR-00857,2025-10-06,Procurement,Facilities,196569.36
PR-00858,2025-07-03,Plant,Training,89288.36
PR-00859,2025-10-17,HR,Services,100153.41
PR-00860,2025-04-03,Procurement,Services,151293.51
PR-00861,2025-01-16,Operations,MRO,203120.2
PR-00862,2025-08-30,HR,Services,192876.33
PR-00863,2025-04-30,Maintenance,Safety,65724.98
PR-00864,2025-05-04,Operations,MRO,192192.18
PR-00865,2025-04-23,HR,Facilities,91927.14
PR-00866,2025-03-30,Maintenance,Logistics,150167.28
PR-00867,2025-12-24,Operations,MRO,177345.96
PR-00868,2025-06-30,HR,IT,142961.68
PR-00869,2025-04-07,Plant,Capex,48011.41
PR-00870,2025-01-20,Procurement,MRO,61992.72
PR-00871,2025-04-23,Procurement,Training,5167.46
PR-00872,2025-11-11,Maintenance,IT,88485.97
PR-00873,2025-04-01,Operations,MRO,10368.66
PR-00874,2025-10-28,Finance,IT,194719.79
PR-00875,2025-09-27,Operations,Safety,96529.74
PR-00876,2025-12-06,Plant,Safety,87457.46
PR-00877,2025-06-15,Maintenance,IT,184426.25
PR-00878,2025-08-12,Finance,Training,164049.17
PR-00879,2025-03-31,Finance,Services,59693.12
PR-00880,2025-10-29,Maintenance,Facilities,80171.69
PR-00881,2025-12-19,Operations,IT,48538.53
PR-00882,2025-01-01,Finance,Facilities,213435.46
PR-00883,2025-10-18,Procurement,IT,152585.22
PR-00884,2025-11-10,Maintenance,Safety,234488.51
PR-00885,2025-03-14,Operations,Safety,63309.0
PR-00886,2025-06-13,Maintenance,Safety,206307.14
PR-00887,2025-12-10,Finance,Services,114424.33
PR-00888,2025-05-16,Maintenance,Logistics,174828.14
PR-00889,2025-06-29,Operations,Safety,181501.33
PR-00890,2025-01-25,Plant,Training,184483.2
PR-00891,2025-03-27,Plant,Training,221033.81
PR-00892,2025-06-29,HR,Facilities,29850.0
PR-00893,2025-09-03,HR,Logistics,44850.85
PR-00894,2025-02-07,Procurement,Capex,9919.11
PR-00895,2025-05-14,Procurement,Safety,88743.01
PR-00896,2025-07-12,Maintenance,Safety,139026.33
PR-00897,2025-02-17,Operations,Training,177603.64
PR-00898,2025-08-09,Finance,IT,153792.82
PR-00899,2025-08-11,Maintenance,MRO,29808.16
PR-00900,2025-04-16,Maintenance,Facilities,175813.19
PR-00901,2025-10-04,Operations,Capex,77863.16
PR-00902,2025-02-19,Procurement,Facilities,145083.6
PR-00903,2025-09-09,Maintenance,MRO,93403.09
PR-00904,2025-08-07,Procurement,Capex,206854.84
PR-00905,2025-11-17,HR,Training,53920.33
PR-00906,2025-01-14,Maintenance,IT,161356.71
PR-00907,2025-02-11,Plant,Safety,80546.58
PR-00908,2025-07-23,Plant,Training,224244.98
PR-00909,2025-05-16,Procurement,Facilities,50295.9
PR-00910,2025-07-15,Operations,IT,114214.94
PR-00911,2025-05-15,Plant,Training,69533.2
PR-00912,2025-05-18,HR,MRO,42027.02
PR-00913,2025-12-23,Finance,Safety,25998.29
PR-00914,2025-06-26,HR,Facilities,242822.86
PR-00915,2025-10-29,Maintenance,MRO,210995.31
PR-00916,2025-09-25,Plant,Training,145315.0
PR-00917,2025-05-01,Plant,Capex,24343.99
PR-00918,2025-01-18,HR,IT,34469.06
PR-00919,2025-08-18,Maintenance,IT,243180.4
PR-00920,2025-04-09,Maintenance,MRO,108726.85
PR-00921,2025-12-16,Plant,Logistics,249330.96
PR-00922,2025-11-18,Maintenance,Capex,83338.62
PR-00923,2025-02-04,Procurement,Facilities,141309.23
PR-00924,2025-10-10,Operations,Capex,132323.6
PR-00925,2025-01-07,Finance,Facilities,32567.12
PR-00926,2025-03-18,Maintenance,Safety,231607.4
PR-00927,2025-10-16,Procurement,Capex,217531.44
PR-00928,2025-06-26,Plant,Capex,98845.65
PR-00929,2025-09-06,HR,Training,14179.09
PR-00930,2025-05-22,Plant,IT,156469.9
PR-00931,2025-12-15,Finance,Facilities,14501.72
PR-00932,2025-06-19,Finance,Logistics,17076.29
PR-00933,2025-09-01,Operations,Services,9957.06
PR-00934,2025-06-05,Operations,Capex,211497.41
PR-00935,2025-12-23,Finance,Safety,243261.68
PR-00936,2025-04-27,Maintenance,Capex,243683.76
PR-00937,2025-08-15,Operations,Capex,183555.86
PR-00938,2025-11-06,Finance,Safety,51044.24
PR-00939,2025-04-19,Plant,Training,191075.86
PR-00940,2025-07-11,Procurement,IT,21076.16
PR-00941,2025-12-30,HR,Facilities,38234.21
PR-00942,2025-09-26,HR,MRO,47565.65
PR-00943,2025-04-13,Procurement,Logistics,13102.41
PR-00944,2025-01-26,Operations,Logistics,72124.49
PR-00945,2025-08-26,HR,Facilities,160675.4
PR-00946,2025-03-05,Finance,MRO,64274.83
PR-00947,2025-09-08,HR,Training,48508.01
PR-00948,2025-08-31,HR,Services,89341.01
PR-00949,2025-05-13,Finance,Safety,74842.0
PR-00950,2025-07-17,Procurement,IT,214186.23
PR-00951,2025-04-20,Maintenance,Logistics,171035.34
PR-00952,2025-05-18,Finance,Facilities,130753.9
PR-00953,2025-12-16,Procurement,Training,228321.28
PR-00954,2025-11-28,Maintenance,MRO,59823.66
PR-00955,2025-11-08,Operations,Capex,108832.67
PR-00956,2025-07-12,Operations,Training,66739.68
PR-00957,2025-08-27,Operations,Facilities,148199.35
PR-00958,2025-01-04,HR,Services,142556.99
PR-00959,2025-11-01,HR,Capex,78126.6
PR-00960,2025-02-25,Plant,Safety,87389.5
PR-00961,2025-05-22,Finance,Services,216065.44
PR-00962,2025-05-14,Finance,Capex,51148.22
PR-00963,2025-09-22,Maintenance,MRO,202330.31
PR-00964,2025-11-04,Plant,Services,171785.16
PR-00965,2025-01-14,Finance,Training,249379.93
PR-00966,2025-05-13,Plant,Facilities,100127.36
PR-00967,2025-01-19,HR,Logistics,89075.93
PR-00968,2025-04-24,Finance,Training,227098.99
PR-00969,2025-12-10,Operations,Capex,212127.71
PR-00970,2025-12-03,HR,IT,76977.09
PR-00971,2025-08-30,Maintenance,Capex,182670.73
PR-00972,2025-10-14,Maintenance,Services,165336.49
PR-00973,2025-04-24,Operations,Logistics,187331.43
PR-00974,2025-06-07,Plant,Services,96062.2
PR-00975,2025-10-27,Operations,Training,213547.4
PR-00976,2025-08-29,Procurement,Safety,120693.82
PR-00977,2025-04-10,HR,Safety,217536.95
PR-00978,2025-07-15,HR,Capex,106211.28
PR-00979,2025-03-19,Maintenance,Logistics,88954.12
PR-00980,2025-10-19,Plant,IT,82513.95
PR-00981,2025-04-03,Procurement,Training,86494.21
PR-00982,2025-04-01,Operations,MRO,6154.81
PR-00983,2025-05-21,Maintenance,IT,146188.33
PR-00984,2025-03-23,Plant,Safety,36704.46
PR-00985,2025-08-11,Finance,Facilities,103831.4
PR-00986,2025-09-02,Plant,MRO,14242.7
PR-00987,2025-04-13,Finance,Services,237766.81
PR-00988,2025-06-14,HR,Logistics,9389.45
PR-00989,2025-01-03,Finance,Logistics,60435.1
PR-00990,2025-06-26,Operations,IT,30163.51
PR-00991,2025-09-15,HR,Capex,45919.95
PR-00992,2025-01-24,Operations,Capex,116701.95
PR-00993,2025-09-24,HR,Services,111247.98
PR-00994,2025-12-18,Maintenance,Services,249054.03
PR-00995,2025-09-08,Operations,Logistics,45396.46
PR-00996,2025-07-26,Procurement,Logistics,59958.73
PR-00997,2025-03-09,Maintenance,MRO,149474.74
PR-00998,2025-03-28,Procurement,Services,179221.97
PR-00999,2025-01-20,Plant,Capex,193956.17
PR-01000,2025-11-16,Procurement,MRO,167182.63
